姓名,身份证号码,类型,标签
李建华,13926111630,主考官,卫健
邱美容,13926183886,主考官,卫健
汤慈莲,13926100612,主考官,卫健
刘浩锋,13902320130,主考官,卫健
卢洋,13719385338,主考官,卫健
潘建国,15920485677,主考官,卫健
李少华,13926181835,主考官,卫健
张晓娟,13926188967,主考官,卫健
陈晓芳,13922134041,主考官,卫健
李志坚,13902328054,主考官,卫健
李莉珊,13662319321,主考官,卫健
林林,13660540086,主考官,卫健
吕灼荣,13533316698,主考官,卫健
郭辉权,13609050308,主考官,卫健
邹俊雄,13602218805,普通考官,卫健
冯灼彬,13926124433,普通考官,卫健
朱沛传,13602211190,普通考官,卫健
何勇毅,13922392622,普通考官,卫健
巢社兴,13602216021,普通考官,卫健
朱和建,13602214580,普通考官,卫健
刘朝运,13602219236,普通考官,卫健
何志文,13609054833,普通考官,卫健
姚威,13922394587,普通考官,卫健
沈爱文,13926116432,普通考官,卫健
房育中,13902327896,普通考官,卫健
邝小明,13710982922,普通考官,卫健
邓伟坚,13926192398,普通考官,卫健
邱子慧,13602211433,普通考官,卫健
邓展波,13640202248,普通考官,卫健
陈建勇,13229922669,普通考官,卫健
莫凯明,13538738508,普通考官,卫健
李玉娥,13711214768,普通考官,卫健
黄翠玲,15013314802,普通考官,卫健
罗文辉,13926107028,普通考官,卫健
贾满华,13602213377,普通考官,卫健
张玉花,13682241257,普通考官,卫健
曾凡辉,13602291933,普通考官,卫健
欧阳飞,18998318118,普通考官,卫健
黄桂梅,13533280840,普通考官,卫健
冼卫平,13602210531,普通考官,卫健
刘小敏,13922392301,普通考官,卫健
邝浩成,13609052998,普通考官,卫健
苏素芳,13926180183,普通考官,卫健
谢文锋,13926110522,普通考官,卫健
张勇,13725230212,普通考官,卫健
刘志剑,13620422438,普通考官,卫健
陈元泽,13926193112,普通考官,卫健
李鉴州,13533728112,普通考官,卫健
李秀清,13926150338,普通考官,卫健
邝剑宏,13926109717,普通考官,卫健
李超然,13926019206,普通考官,卫健
张莉,13926192035,普通考官,人社
郑国伦,13902329843,普通考官,人社
谢灿光,18922328838,普通考官,人社
朱海敏,13719122511,普通考官,人社
唐智为,13073011012,普通考官,人社
陈永洪,13902328232,普通考官,人社
谢旭桥,13710074373,普通考官,人社
陈祥尊,13926126966,普通考官,人社
黄勰,13725212080,普通考官,人社
吴家雄,13580537525,普通考官,人社
曾伟坚,13926002871,普通考官,人社
原海晓,15989088742,普通考官,人社
何青云,13926111608,普通考官,人社
谭秀连,13926142153,普通考官,人社
黄建英,13711762903,普通考官,人社
陈耀均,13302323880,普通考官,人社
冯建威,13602215163,普通考官,人社
张桂明,13926118013,普通考官,人社
杨志华,13926191312,普通考官,人社
罗小通,13527652275,普通考官,人社
陈福明,13602218496,普通考官,人社
潘秋生,13926157028,普通考官,人社
曾晓星,13711703656,普通考官,人社
李锦庭,13922391308,普通考官,人社
肖贤锋,13926099943,普通考官,人社
李健东,13902323283,普通考官,人社
庾志坚,13602219948,普通考官,人社
李洁霞,13926183618,普通考官,人社
蔡达,13602741913,普通考官,人社
朱卫文,13544513328,普通考官,人社
黄孟辛,15918490890,普通考官,人社
杨学平,13922195978,普通考官,人社
叶钊婷,13929589132,普通考官,人社
黎妙芬,15918509031,普通考官,人社
武日平,13760749205,普通考官,人社
伍美霞,13609053328,普通考官,人社
徐丽敏,13926111328,普通考官,人社
